{
    "$schema": "https://json-schema.org/draft/2019-09/schema",
    "$id": "http://helm-flex.spire.com/example.json",
    "type": "object",
    "default": {},
    "title": "Helm Flex Schema",
    "properties": {
        "image": {
            "type": "object",
            "default": {},
            "title": "The .image Schema",
            "properties": {
                "registry": {
                    "type": "string",
                    "title": "The .image.registry Schema",
                    "examples": [
                        "ghcr.io",
                        "docker",
                        "company"
                    ]
                },
                "registryPort": {
                    "type": "integer",
                    "title": "The .image.registryPort Schema",
                    "examples": [
                        9203,
                        10001
                    ]
                },
                "tag": {
                    "type": "string",
                    "title": "The .image.tag Schema",
                    "examples": [
                        "latest",
                        "1.8.0",
                        "1.7.2"
                    ]
                }
            }
        },
        "trustdomain": {
            "type": "string",
            "title": "The .trustdomain Schema",
            "examples": [
                "yoyodyne.com",
                "dev.tyrellcorp.com"
            ]
        },
        "agent": {
            "type": "object",
            "default": {},
            "title": "The .agent Schema",
            "properties": {
                "configFile": {
                    "type": "string",
                    "default": "/opt/spire/conf/agent/agent.conf",
                    "title": "The .agent.configFile Schema",
                    "examples": [
                        "/run/spire/config/agent.conf",
                        "/etc/spire/agent.conf"
                    ]
                },
                "healthCheck": {
                    "type": "object",
                    "default": {},
                    "title": "The .agent.healthCheck Schema",
                    "properties": {
                        "enable": {
                            "type": "boolean",
                            "default": true,
                            "title": "The .agent.healtCheck.enable Schema",
                            "examples": [
                                true,
                                false
                            ]
                        },
                        "bindAddress": {
                            "type": "string",
                            "enum": [ "localhost", "0.0.0.0", "127.0.0.1", "::", "::1" ],
                            "default": "localhost",
                            "title": "The .agent.healtCheck.bindAddress Schema",
                            "examples": [
                                "localhost",
                                "0.0.0.0",
                                "127.0.0.1",
                                "::",
                                "::1"
                            ]
                        },
                        "bindPort": {
                            "type": "integer",
                            "default": 80,
                            "minimum": 1,
                            "maximum": 65535,
                            "title": "The .agent.healtCheck.bindPort Schema",
                            "examples": [
                                80,
                                8080,
                                9000
                            ]
                        },
                        "livePath": {
                            "type": "string",
                            "default": "/live",
                            "pattern": "^\/[-A-Za-z_0-9]+(/[-A-Za-z_0-9]+)*$",
                            "title": "The .agent.healtCheck.livePath Schema",
                            "examples": [
                                "/live",
                                "/i_am_alive"
                            ]
                        },
                        "readyPath": {
                            "type": "string",
                            "default": "/ready",
                            "pattern": "^\/[-A-Za-z_0-9]+(/[-A-Za-z_0-9]+)*$",
                            "title": "The .agent.healthCheck.readyPath Schema",
                            "examples": [
                                "/ready",
                                "/i_am_ready"
                            ]
                        }
                    }
                },
                "hostPath": {
                    "type": "object",
                    "default": {},
                    "title": "The .agent.hostPath Schema",
                    "properties": {
                        "keyManagerDir": {
                            "type": "string",
                            "title": "The .agent.hostPath.keyManager Schema",
                            "examples": [
                                "/opt/spire/data/agent/",
                                "/var/lib/spire/agent/"
                            ]
                        }
                    }
                },
                "image": {
                    "type": "object",
                    "default": {},
                    "title": "The .agent.image Schema",
                    "properties": {
                        "name": {
                            "type": "string",
                            "title": "The .agent.image.name Schema",
                            "examples": [
                                "spire/spire-agent",
                                "company/spire-agent",
                                "custom/agent"
                            ]
                        },
                        "registry": {
                            "type": "string",
                            "title": "The .agent.image.registry Schema",
                            "examples": [
                                "ghcr.io",
                                "docker",
                                "company"
                            ]
                        },
                        "registryPort": {
                            "type": "integer",
                            "title": "The .agent.image.registryPort Schema",
                            "examples": [
                                9203,
                                10001
                            ]
                        },
                        "tag": {
                            "type": "string",
                            "title": "The .agent.image.tag Schema",
                            "examples": [
                                "latest",
                                "1.8.0",
                                "1.7.2"
                            ]

                        }
                    }
                },
                "keyManager": {
                    "type": "object",
                    "default": {},
                    "title": "The .agent.keyManager Schema",
                    "properties": {
                        "type": {
                            "type": "string",
                            "enum": [ "custom", "disk", "memory" ],
                            "default": "disk",
                            "title": "The .agent.keyManager.type Schema",
                            "examples": [
                                "custom",
                                "disk",
                                "memory"
                            ]
                        },
                        "disk": {
                            "type": "object",
                            "default": {},
                            "title": "The .agent.keyManager.disk Schema",
                            "properties": {
                                "directory": {
                                    "type": "string",
                                    "default": "/opt/spire/data/agent/",
                                    "title": "The .agent.keyManager.type.disk Schema",
                                    "examples": [
                                        "/opt/spire/data/agent/",
                                        "/var/lib/spire-agent/"
                                    ]
                                }
                            }
                        },
                        "custom": {
                            "type": "object",
                            "default": {},
                            "title": "The .agent.keyManager.custom Schema",
                            "properties": {
                                "name": {
                                    "type": "string",
                                    "default": "customKeyManager",
                                    "title": "The .agent.keyManager.custom.name Schema",
                                    "examples": [
                                        "customKeyManager",
                                        "coprateKeyManager"
                                    ]
                                },
                                "checksum": {
                                    "type": "string",
                                    "title": "The .agent.keyManager.custom.checksum Schema",
                                    "examples": [
                                        "1725b8b7071f09f1a15255f0e580bc6c811190902d144f63c0a3dd0f24979c6e"
                                    ]
                                },
                                "cmd": {
                                    "type": "string",
                                    "title": "The .agent.keyManager.custom.cmd Schema",
                                    "examples": [
                                        "/opt/spire/agent/plugins/customKeyManager"
                                    ]
                                },
                                "data": {
                                    "type": "array",
                                    "title": "The .agent.keyManager.custom.data Schema",
                                    "examples": [
                                        "/opt/spire/agent/plugins/customKeyManager"
                                    ]
                                },
                                "enabled": {
                                    "type": "boolean",
                                    "default": true,
                                    "title": "The .agent.keyManager.custom.enabled Schema",
                                    "examples": [
                                        true,
                                        false
                                    ]
                                },
                                "data": {
                                    "type": "array",
                                    "default": [ ],
                                    "title": "The .agent.keyManager.custom.data Schema",
                                    "items": {
                                        "type": "string"
                                    },
                                    "examples": [
                                        "logging = true",
                                        "delay = 32",
                                        "name = \"item\""
                                    ]
                                }
                            }
                        }
                    }
                }
            }
        },
        "server": {
            "type": "object",
            "default": {},
            "title": "The .server Schema",
            "properties": {
                "serviceName": {
                    "type": "string",
                    "default": "RELEASE-NAME-server",
                    "title": "The .server.serviceName Schema",
                    "examples": [
                        "/run/spire/config/agent.conf",
                        "/etc/spire/agent.conf"
                    ]
                },
                "servicePort": {
                    "type": "integer",
                    "default": 8081,
                    "title": "The .server.servicePort Schema",
                    "examples": [
                        8081,
                        8443
                    ]
                }
            }
        }
    }
}
